{"Train/Loss": 3.6483685970306396, "_timestamp": 1678351105.3142178, "_runtime": 4.107152700424194, "_step": 0, "_wandb": {"runtime": 14}}