{"Train/Loss": 1.3434877395629883, "_timestamp": 1678351678.376472, "_runtime": 150.9413239955902, "_step": 9, "_wandb": {"runtime": 165}}