{"Train/Accuracy": 49.97967479674797, "Train/Loss": 26.31581687927246, "_timestamp": 1685540668.1561658, "_runtime": 369.3520119190216, "_step": 806, "TEST/Accuracy": 50.041666666666664}