{"Train/Loss": 1.172394037246704, "_timestamp": 1678351366.4284897, "_runtime": 37.79958367347717, "_step": 2, "_wandb": {"runtime": 56}}