{"Train/Loss": 3.6811959743499756, "_timestamp": 1678351160.982656, "_runtime": 3.764683961868286, "_step": 0, "_wandb": {"runtime": 13}}