{"Train/Accuracy": 50.0, "Train/Loss": 26.178667068481445, "_timestamp": 1685540227.0479774, "_runtime": 96.24325942993164, "_step": 299, "_wandb": {"runtime": 95}}