{"Train/Accuracy": 900.0, "Train/Loss": 40.52162551879883, "_timestamp": 1685539949.0313072, "_runtime": 26.501779317855835, "_step": 75, "_wandb": {"runtime": 25}}