{"Train/Accuracy": 900.0, "Train/Loss": 26.00389862060547, "_timestamp": 1685539895.1246595, "_runtime": 60.70623564720154, "_step": 173, "_wandb": {"runtime": 59}}